n,filename,camera,period,heuristic,golden
1,imgKFB_231104_0000.jpg,KFB,night,not_inside,not_inside
2,imgKFB_230401_0300.jpg,KFB,night,inside_cloud,not_inside
3,imgKFB_230111_1100.jpg,KFB,day,inside_cloud,inside_cloud
4,imgKFB_230309_1800.jpg,KFB,day,not_inside,not_inside
5,imgKFB_230917_0700.jpg,KFB,day,inside_cloud,inside_cloud
6,imgKFB_230206_0300.jpg,KFB,night,not_inside,inside_cloud
7,imgKFB_230816_1900.jpg,KFB,day,not_inside,not_inside
8,imgKFB_230209_0300.jpg,KFB,night,inside_cloud,inside_cloud
9,imgKFB_230914_0500.jpg,KFB,night,inside_cloud,inside_cloud
10,imgKFB_230605_0600.jpg,KFB,day,not_inside,inside_cloud
11,imgKFB_230112_0800.jpg,KFB,day,inside_cloud,inside_cloud
12,imgKFB_230307_1900.jpg,KFB,night,not_inside,not_inside
13,imgKFB_230319_2100.jpg,KFB,night,inside_cloud,not_inside
14,imgKFB_230111_1000.jpg,KFB,day,inside_cloud,inside_cloud
15,imgKFB_230426_0600.jpg,KFB,day,not_inside,not_inside
16,imgKFB_230212_1100.jpg,KFB,day,inside_cloud,inside_cloud
17,imgKFB_230425_1300.jpg,KFB,day,not_inside,inside_cloud
18,imgKFB_230326_0400.jpg,KFB,night,inside_cloud,inside_cloud
19,imgKFB_230312_1600.jpg,KFB,day,not_inside,not_inside
20,imgKFB_230402_1100.jpg,KFB,day,inside_cloud,inside_cloud
21,imgKFB_230112_2100.jpg,KFB,night,inside_cloud,inside_cloud
22,imgKFB_230425_1000.jpg,KFB,day,not_inside,inside_cloud
23,imgKFB_231018_1300.jpg,KFB,day,inside_cloud,inside_cloud
24,imgKFB_230817_0300.jpg,KFB,night,not_inside,not_inside
25,imgKFB_230515_0700.jpg,KFB,day,not_inside,inside_cloud
26,imgKFB_230711_0600.jpg,KFB,day,not_inside,not_inside
27,imgKFB_230326_1300.jpg,KFB,day,inside_cloud,inside_cloud
28,imgKFB_230315_0800.jpg,KFB,day,inside_cloud,not_inside
29,imgKFB_230128_1900.jpg,KFB,night,not_inside,not_inside
30,imgKFB_230814_1700.jpg,KFB,day,not_inside,not_inside
31,imgKFB_230331_0200.jpg,KFB,night,inside_cloud,inside_cloud
32,imgKFB_230526_0700.jpg,KFB,day,inside_cloud,inside_cloud
33,imgKFB_230402_1600.jpg,KFB,day,inside_cloud,inside_cloud
34,imgKFB_230602_0600.jpg,KFB,day,not_inside,not_inside
35,imgKFB_230320_2200.jpg,KFB,night,not_inside,not_inside
36,imgKFB_230421_2200.jpg,KFB,night,not_inside,not_inside
37,imgKFB_230508_1000.jpg,KFB,day,not_inside,inside_cloud
38,imgKFB_230714_2200.jpg,KFB,night,not_inside,not_inside
39,imgKFB_230201_1700.jpg,KFB,day,not_inside,not_inside
40,imgKFB_230429_0800.jpg,KFB,day,not_inside,inside_cloud
41,imgKFB_230907_1500.jpg,KFB,day,inside_cloud,inside_cloud
42,imgKFB_230411_0500.jpg,KFB,night,inside_cloud,not_inside
43,imgKFB_230304_2100.jpg,KFB,night,not_inside,not_inside
44,imgKFB_231014_0000.jpg,KFB,night,not_inside,not_inside
45,imgKFB_230606_0500.jpg,KFB,night,not_inside,not_inside
46,imgKFB_230918_0400.jpg,KFB,night,inside_cloud,not_inside
47,imgKFB_230421_0100.jpg,KFB,night,inside_cloud,inside_cloud
48,imgKFB_231013_1200.jpg,KFB,day,not_inside,not_inside
49,imgKFB_230914_0700.jpg,KFB,day,inside_cloud,inside_cloud
50,imgKFB_230508_0900.jpg,KFB,day,not_inside,inside_cloud
51,imgKFB_230105_1200.jpg,KFB,day,not_inside,not_inside
52,imgKFB_230322_2000.jpg,KFB,night,not_inside,not_inside
53,imgKFB_230212_1400.jpg,KFB,day,inside_cloud,inside_cloud
54,imgKFB_230720_0100.jpg,KFB,night,inside_cloud,inside_cloud
55,imgKFB_230930_1900.jpg,KFB,night,not_inside,not_inside
56,imgKFB_231108_1600.jpg,KFB,day,not_inside,not_inside
57,imgKFB_230427_2000.jpg,KFB,night,not_inside,not_inside
58,imgKFB_230310_0500.jpg,KFB,night,inside_cloud,not_inside
59,imgKFB_230930_0300.jpg,KFB,night,not_inside,not_inside
60,imgKFB_230326_1900.jpg,KFB,night,inside_cloud,inside_cloud
61,imgKFB_231019_1300.jpg,KFB,day,inside_cloud,inside_cloud
62,imgKFB_230402_0700.jpg,KFB,day,inside_cloud,inside_cloud
63,imgKFB_230909_1800.jpg,KFB,day,inside_cloud,inside_cloud
64,imgKFB_231111_0800.jpg,KFB,day,inside_cloud,inside_cloud
65,imgKFB_230212_2300.jpg,KFB,night,not_inside,inside_cloud
66,imgKFB_230211_0600.jpg,KFB,night,inside_cloud,inside_cloud
67,imgKFB_230114_0500.jpg,KFB,night,not_inside,inside_cloud
68,imgKFB_230206_0200.jpg,KFB,night,inside_cloud,inside_cloud
69,imgKFB_230910_2300.jpg,KFB,night,inside_cloud,not_inside
70,imgKFB_230525_2200.jpg,KFB,night,inside_cloud,not_inside
71,imgKFB_230819_0700.jpg,KFB,day,not_inside,not_inside
72,imgKFB_231018_1900.jpg,KFB,night,not_inside,not_inside
73,imgKFB_230407_0100.jpg,KFB,night,inside_cloud,not_inside
74,imgKFB_230918_0500.jpg,KFB,night,inside_cloud,inside_cloud
75,imgKFB_230425_1200.jpg,KFB,day,not_inside,inside_cloud
76,imgKFB_230711_0800.jpg,KFB,day,not_inside,not_inside
77,imgKFB_231025_2000.jpg,KFB,night,not_inside,not_inside
78,imgKFB_230602_2000.jpg,KFB,night,not_inside,not_inside
79,imgKFB_231019_0400.jpg,KFB,night,inside_cloud,inside_cloud
80,imgKFB_231209_2200.jpg,KFB,night,not_inside,not_inside
81,imgKFB_230212_2100.jpg,KFB,night,not_inside,inside_cloud
82,imgKFB_230321_0200.jpg,KFB,night,inside_cloud,not_inside
83,imgKFB_230212_2200.jpg,KFB,night,not_inside,inside_cloud
84,imgKFB_230428_0800.jpg,KFB,day,inside_cloud,inside_cloud
85,imgKFB_230902_0200.jpg,KFB,night,inside_cloud,inside_cloud
86,imgKFB_230421_0200.jpg,KFB,night,inside_cloud,inside_cloud
87,imgKFB_230513_1700.jpg,KFB,day,not_inside,inside_cloud
88,imgKFB_230907_1300.jpg,KFB,day,inside_cloud,not_inside
89,imgKFB_230914_1600.jpg,KFB,day,not_inside,not_inside
90,imgKFB_230920_2100.jpg,KFB,night,not_inside,not_inside
91,imgKFB_230703_0800.jpg,KFB,day,not_inside,not_inside
92,imgKFB_230316_0100.jpg,KFB,night,inside_cloud,not_inside
93,imgKFB_230117_0500.jpg,KFB,night,inside_cloud,not_inside
94,imgKFB_231101_1300.jpg,KFB,day,not_inside,not_inside
95,imgKFB_230421_0800.jpg,KFB,day,inside_cloud,inside_cloud
96,imgKFB_230331_0400.jpg,KFB,night,inside_cloud,inside_cloud
97,imgKFB_230112_1100.jpg,KFB,day,inside_cloud,inside_cloud
98,imgKFB_230318_1000.jpg,KFB,day,inside_cloud,not_inside
99,imgKFB_230115_0500.jpg,KFB,night,inside_cloud,inside_cloud
100,imgKFB_231005_0000.jpg,KFB,night,not_inside,not_inside
101,imgKFB_230331_1600.jpg,KFB,day,inside_cloud,inside_cloud
102,imgKFB_230911_1800.jpg,KFB,day,inside_cloud,inside_cloud
103,imgKFB_230316_1400.jpg,KFB,day,not_inside,not_inside
104,imgKFB_230609_0100.jpg,KFB,night,not_inside,not_inside
105,imgKFB_230913_0400.jpg,KFB,night,inside_cloud,inside_cloud
106,imgKFB_230828_1100.jpg,KFB,day,not_inside,not_inside
107,imgKFB_230321_0600.jpg,KFB,night,not_inside,inside_cloud
108,imgKFB_230414_0700.jpg,KFB,day,inside_cloud,inside_cloud
109,imgKFB_230428_1400.jpg,KFB,day,not_inside,not_inside
110,imgKFB_230213_1000.jpg,KFB,day,inside_cloud,inside_cloud
111,imgKFB_230320_0600.jpg,KFB,night,not_inside,inside_cloud
